"","farmaco","pr_attivo","quantita"
"1","ZIAGEN","Abacavir","5 mg"
"2","BAL","Sulconazolo","15 mg"
"3","CLARITIN","Metipranololo","20 mg"
"4","CARTIA XT","Doxiciclina","5 mg"
"5","ARCALYST","Telbivudina","30 mg"
"6","ROCALTROL","Carbidopa/levodopa","30 mg"
"7","TROPICACYL","Nitazoxanide","25 mg"
"8","LESCOL","Emina","20 mg"
"9","DIPENTUM","Pimecrolimus","5 mg"
"10","COARTEM","Atenololo","5 mg"
"11","COMETRIQ","Sevelamer","40 mg"
"12","TOFRANIL","Leucovorina di calcio","20 mg"
"13","REMERON","Noretindrone","25 mg"
"14","TRANXENE","Cicloserina","10 mg"
"15","TAZORAC","Ustekinumab","30 mg"
"16","TARCEVA","Exenatide","40 mg"
"17","ESBRIET","Rilpivirina","30 mg"
"18","ELSPAR","Atomoxetina","5 mg"
"19","ABELCET","Naltrexone","10 mg"
"20","PRIMAXIN","Letrozolo","35 mg"
"21","CYTOTEC","Norfloxacina","40 mg"
"22","PLAVIX","Ciclopentolato","40 mg"
"23","SIVEXTRO","Immunoglobulina vaccinica (endovenosa)","25 mg"
"24","INVANZ","Ezetimibe","5 mg"
"25","MAXAIR","Rilonacept","20 mg"
"26","XANAX","Alprostadil","30 mg"
"27","SINGULAIR","Rocuronio","10 mg"
"28","FOSRENOL","Salicilato di magnesio","10 mg"
"29","HIPREX","Naloxone","35 mg"
"30","ENABLEX","Destroamfetamina","25 mg"
"31","ZOCOR","Tobramicina","15 mg"
"32","PHOSPHOLINE IODIDE","Epinefrina","35 mg"
"33","Kcentra","Sipuleucel-T","20 mg"
"34","CELESTONE SOLUSPAN","Bivalirudin","40 mg"
"35","GEODON","Metolazone","40 mg"
"36","SANCUSO","Indometacina","35 mg"
"37","VIRAMUNE","Pancrelipasi","10 mg"
"38","CELEBREX","Ciclesonide","10 mg"
"39","AGGRASTAT","Ofloxacina","15 mg"
"40","PEPCID","Fluvoxamina","10 mg"
"41","NEULASTA","Propranololo","25 mg"
"42","FABRAZYME","Agalsidasi beta","40 mg"
"43","AXID","Fattore antiemofilico (di origine umana)","10 mg"
"44","SYNTHROID","Metformina","40 mg"
"45","ANTIVERT","Mipomersen","20 mg"
"46","DEXILANT","Difenossilato/atropina","20 mg"
"47","AVANDIA","Tetraidrozolina","40 mg"
"48","DORIBAX","Efavirenz","25 mg"
"49","ALTACE","Sucralfato","15 mg"
"50","PARLODEL","Butenafina","35 mg"
"51","VASOSTRICT","Idarucizumab","30 mg"
"52","ZYMAR","Ibrutinib","30 mg"
"53","MACRODANTIN","Penicillina V potassica","30 mg"
"54","GLIADEL","Ceftazidima","5 mg"
"55","TRAVATAN Z","Ciclobenzaprina","20 mg"
"56","PROPECIA","Gemfibrozil","20 mg"
"57","DITROPAN XL","Pramlintide","35 mg"
"58","AGRYLIN","Fattore antiemofilico (di origine umana)","40 mg"
"59","MIRENA","Bivalirudin","10 mg"
"60","ISORDIL","Lisinopril","10 mg"
"61","LOPRESSOR","Niacina","15 mg"
"62","CYCLOGYL","Darunavir","35 mg"
"63","ANECTINE","Tretinoina","15 mg"
"64","VASOTEC","Estradiolo","25 mg"
"65","BILTRICIDE","Rosuvastatina","25 mg"
"66","OPTIVAR","Baclofene","5 mg"
"67","VAGISTAT-1","Sapropterina","20 mg"
"68","HYDREA","Chetamina","30 mg"
"69","EVZIO","Orfenadrina","5 mg"
"70","TAGAMET HB","Clopidogrel","40 mg"
"71","SYNERAN","Vincristina","15 mg"
"72","ZARONTIN","Fexofenadina","20 mg"
"73","ACEON","Ramelteon","25 mg"
"74","ALBENZA","Albendazolo","5 mg"
"75","VIDEX","Pentostatina","5 mg"
"76","LEVOXYL","Metaxalone","25 mg"
"77","PROVERA","Mirabegron","10 mg"
"78","OZURDEX","Dinutuximab","10 mg"
"79","CRESTOR","Talidomide","20 mg"
"80","PULMOZYME","Eflornitina","25 mg"
"81","ROZEREM","Succinilcolina","20 mg"
"82","AZOPT","Busulfan","20 mg"
"83","ENTYVIO","Indometacina","15 mg"
"84","IRESSA","Ibuprofene","40 mg"
"85","MACROBID","Penicillina G-benzatina","35 mg"
"86","OCUPRESS","Ceftazidime/Avibactam","40 mg"
"87","HERCEPTIN","Benazepril","15 mg"
"88","NEUPOGEN","Gemcitabina","10 mg"
"89","OXYCONTIN","Pramoxina","5 mg"
"90","UNASYN","Anidulafungina","20 mg"
"91","ZOVIRAX","Quinapril","15 mg"
"92","MONOKET","Litio","40 mg"
"93","ZAROXOLYN","Nevirapina","10 mg"
"94","SEROMICINA","Dasatinib","15 mg"
"95","CHEMET","Treprostinil","10 mg"
"96","EMTRIVA","Esomeprazolo","20 mg"
"97","MINIPRESS","Rotigotina","35 mg"
"98","EDARBI","Balsalazide","30 mg"
"99","JANUVIA","Amoxicillina/clavulanato","15 mg"
"100","PLAQUENIL","Ivermectina","20 mg"
"101","REVIA","Oseltamivir","30 mg"
"102","PENLAC","Clonidina","10 mg"
"103","ACHROMYCIN V","Vinorelbina","15 mg"
"104","DIDRONEL","Fidaxomicina","20 mg"
"105","TRENTAL","Raltegravir","15 mg"
"106","ACETADOTE","Acetilcisteina","5 mg"
"107","BUPRENEX","Acido azelaico","40 mg"
"108","ZESTRIL","Metoxsalene","35 mg"
"109","AMITIZA","Miconazolo","30 mg"
"110","VIDEX","Donepezil","25 mg"
"111","RITUXAN","Tenofovir disoproxil fumarato","10 mg"
"112","PERSANTINE","Dutasteride","20 mg"
"113","RETAVASE","Tadalafil","30 mg"
"114","ZYBAN","Canaglifozin","35 mg"
"115","VALCYTE","Succinilcolina","30 mg"
"116","MONURIL","Idromorfone","35 mg"
"117","NOROXIN","Permetrina","10 mg"
"118","TEGRETOL","Caspofungin","35 mg"
"119","VIROPTIC","Nebivololo","40 mg"
"120","VANOS","Gliburide","20 mg"
"121","XENICAL","Polidocanolo","15 mg"
"122","APOKYN","Arformoterolo","35 mg"
"123","TRECATOR","Doxazosina","15 mg"
"124","INTRON A","Levonorgestrel","10 mg"
"125","MIFEPREX","Nisoldipina","20 mg"
"126","VAPRISOL","Dalteparina","20 mg"
"127","SUTENT","Trimetoprim/polimixina B","5 mg"
"128","INSPRA","Etidronato","10 mg"
"129","THYROSHIELD","Rivaroxaban","40 mg"
"130","ATROPEN","Azatioprina","5 mg"
"131","ALLEGRA","Desossimetasone","35 mg"
"132","FIRAZYR","Lamotrigina","20 mg"
"133","DURAMORPH PF","Olsalazina","25 mg"
"134","LIBRAX","Collagenasi","15 mg"
"135","TNKASE","Vareniclina","30 mg"
"136","ESTROGEL","Febuxostat","20 mg"
"137","MEPHYTON","Repaglinide","35 mg"
"138","FOSAMAX","Alfuzosina","10 mg"
"139","HALDOL","Emina","10 mg"
"140","XOPENEX","Meloxicam","40 mg"
"141","MERREM","Montelukast","20 mg"
"142","PROLIA","Dietilpropione","25 mg"
"143","TRANSDERM SCOP","Timololo","20 mg"
"144","MARINOL","Empagliflozina","25 mg"
"145","DORAL","Somatropina","15 mg"
"146","LUMIGAN","Brinzolamide","10 mg"
"147","VFEND","Granisetron","5 mg"
"148","GLUCAGEN","Iloprost","15 mg"
"149","PROCARDIA","Peginterferone alfa-2a","15 mg"
"150","CEFOTAN","Cevimelina","10 mg"
"151","TOPAMAX","Ossicodone","20 mg"
"152","NALFON","Frovatriptan","25 mg"
"153","AREDIA","Primidone","40 mg"
"154","AMICAR","Amoxicillina","25 mg"
"155","CYRAMZA","Alprazolam","40 mg"
"156","ALAWAY","Lorcaserin","40 mg"
"157","CELONTIN","Nebivololo","35 mg"
"158","DALVANCE","Desirudina","15 mg"
"159","VESICARE","Tositumomab e Tositumomab iodio I 131","25 mg"
"160","ZEPATIER","Ergoloidi mesilati","5 mg"
"161","CRINONE","Secobarbital","25 mg"
"162","BECONASE","Beractant","30 mg"
"163","ASTELIN","Sorafenib","15 mg"
"164","MICROZIDE","Isocarbossazide","15 mg"
"165","BYSTOLIC","Ossicodone/paracetamolo","35 mg"
"166","LIBRIUM","Clevidipina","30 mg"
"167","TIMENTIN","Zidovudina","30 mg"
"168","BYETTA","Fluocinolone","15 mg"
"169","CUPRIMINE","Pirimetamina","10 mg"
"170","SECTRAL","Acebutololo","35 mg"
"171","QUALAQUIN","Litio","5 mg"
"172","CEENU","Metilergonovina","25 mg"
"173","ALREX","Metronidazolo","5 mg"
"174","DigiFab","Doxazosina","15 mg"
"175","FLUMADINE","Temozolomide","40 mg"
"176","PREPIDIL","Droperidolo","40 mg"
"177","RIFADIN","TANZEUM","20 mg"
"178","Berinert","Capsaicina","5 mg"
"179","ACTIGALL","Pimecrolimus","20 mg"
"180","FORADIL","Idroclorotiazide","30 mg"
"181","FLOXIN OTIC","Fentermina","40 mg"
"182","XELODA","Carisoprodol","30 mg"
"183","BACTRIM","Citalopram","35 mg"
"184","CORDRAN","Granisetron","25 mg"
"185","ZOFRAN","Pirbuterolo","15 mg"
"186","BROVANA","Artemetere/lumefantrina","20 mg"
"187","ACEON","Tirofiban","35 mg"
"188","CRIXIVAN","Levobunololo","40 mg"
"189","MINOCIN","Nitroprussiato","10 mg"
"190","WELCHOL","Dabrafenib","30 mg"
"191","NOLVADEX","Trospio","30 mg"
"192","INTEGRILIN","Etravirina","10 mg"
"193","CUROSURF","Risedronato","20 mg"
"194","STRATTERA","Atropina","10 mg"
"195","TRANSDERM SCOP","Atenololo","40 mg"
"196","IFEX","Lapatinib","5 mg"
"197","UNIVASC","Ofloxacina","30 mg"
"198","CLOMID","Cromolina","40 mg"
"199","MICARDIS","Valsartan","10 mg"
"200","APTIOM","Complesso di fattore IX (di origine umana) [(Fattori II, IX, X)]","5 mg"
"201","ELIDEL","Rifabutina","35 mg"
"202","ZYLOPRIM","Almotriptan","5 mg"
"203","CLARITIN","Dinoprostone","5 mg"
"204","REVLIMID","Meclizina","25 mg"
"205","MUSCORIL","Micofenolato mofetile","30 mg"
"206","EXJADE","Diclofenac","30 mg"
"207","ZOLOFT","Tiotropio","15 mg"
"208","TRULICITY","Enoxaparina","40 mg"
"209","PIN-X","Sodio polistirene sulfonato","30 mg"
"210","DUVOID","Antitossina botulinica, eptavalente","40 mg"
"211","RELENZA","CloBAZam","20 mg"
"212","ROBINUL FORTE","Imiquimod","5 mg"
"213","COMMIT","Pasireotide","5 mg"
"214","TAZICEF","Clorotiazide","30 mg"
"215","ACTEMRA","Tadalafil","5 mg"
"216","LIPOFEN","Fosamprenavir","35 mg"
"217","PAXIL","Prometazina","40 mg"
"218","ACTIVASE","Amiloride","40 mg"
"219","STARLIX","Ossitocina","5 mg"
"220","EPIVIR","Loxapina","40 mg"
"221","BREVITAL SODIUM","Naratriptan","30 mg"
"222","ACZONE","Desvenlafaxina","40 mg"
"223","XYREM","Tolvaptan","35 mg"
"224","SAVAYSA","Epoprostenolo","5 mg"
"225","OPHTHETIC","Sevelamer","35 mg"
"226","TESSALON","Betanecolo","10 mg"
"227","ZONEGRAN","Telitromicina","10 mg"
"228","PANHEMATIN","Interferone alfa-N3","40 mg"
"229","VIRACEPT","Paliperidone","25 mg"
"230","ZIRTEC","Ciprofloxacina","20 mg"
"231","VAGISTAT-1","Zolmitriptan","15 mg"
"232","RIXUBIS","Flurandrenolide","25 mg"
"233","SOMAVERT","Pseudoefedrina","15 mg"
"234","HUMIRA","Adalimumab","10 mg"
"235","AMOXIL","Doripenem","15 mg"
"236","ZYVOX","Metimazolo","10 mg"
"237","OSMITROL","Miglustat","20 mg"
"238","VALIUM","Docetaxel","40 mg"
"239","ZEMURON","Teriparatide","35 mg"
"240","ABREVA","Eculizumab","10 mg"
"241","AZILECT","Sulindac","35 mg"
"242","BUMEX","Calcipotriene","15 mg"
"243","CAPRELSA","Pancrelipasi","40 mg"
"244","LASIX","Idrossiurea","10 mg"
"245","AXID","Pentosano","20 mg"
"246","KYPROLIS","Cefotaxima","40 mg"
"247","KENALOG","Dossilamina","20 mg"
"248","DIFLUCAN","Glimepiride","35 mg"
"249","ELOXATIN","Ioduro di potassio","10 mg"
"250","MONOCLATE-P","Apomorfina","35 mg"
"251","ZOCOR","Arginina","35 mg"
"252","CAMPTOSAR","Linagliptina","5 mg"
"253","DEMSER","Nilotinib","40 mg"
"254","CroFab","Daptomicina","40 mg"
"255","BLEPH-10","Trientina","25 mg"
"256","BARACLUDE","Acido etacrinico","35 mg"
"257","SYMLIN","Roflumilast","5 mg"
"258","IMURAN","Azitromicina","15 mg"
"259","REVLIMID","Diltiazem","35 mg"
"260","IMBRUVICA","Labetalolo","40 mg"
"261","CELLCEPT","Ondansetrone","5 mg"
"262","CELEXA","Colchicina","10 mg"
"263","LAMISIL","Vemurafenib","35 mg"
"264","ENBREL","Fenoprofene","10 mg"
"265","NARDIL","Ranitidina","5 mg"
"266","LASTACAFT","Aldesleuchina","25 mg"
"267","ZIRTEC","Pentobarbital","25 mg"
"268","LEVAQUIN","Mercaptopurina","35 mg"
"269","ALKERAN","Mitotane","30 mg"
"270","DDAVP","Diltiazem","25 mg"
"271","KUVAN","Tiagabina","35 mg"
"272","HECTOROL","Elotuzumab","5 mg"
"273","SYNERCID","Stavudina","30 mg"
"274","TRACLEER","Bumetanide","5 mg"
"275","SABRIL","Deferiprone","20 mg"
"276","GENOPTIC","Idarucizumab","40 mg"
"277","OFEV","Pembrolizumab","15 mg"
"278","KEFZOL","Ceritinib","35 mg"
"279","ULTRAM","Mesna","25 mg"
"280","FERRLECIT","Galantamina","40 mg"
"281","TAXOL","Prazosina","10 mg"
"282","AUGMENTIN","Ampicillina/sulbactam","15 mg"
"283","ACIPHEX","Clordiazeposside","10 mg"
"284","STROMECTOL","Loperamide","5 mg"
"285","MEDROL","Nelfinavir","25 mg"
"286","PRADAXA","Deferoxamina","10 mg"
"287","ALDACTONE","Tranilcipromina","35 mg"
"288","PROMACTA","Eritromicina","20 mg"
"289","LYRICA","Saquinavir","35 mg"
"290","NEOSPORIN","Bendamustina","35 mg"
"291","XIFAXAN","Pirfenidone","10 mg"
"292","SOLU-CORTEF","Isosorbide mononitrato","35 mg"
"293","AMERGE","Oxcarbazepina","20 mg"
"294","DIABINESE","Clobetasolo","10 mg"
"295","NAVANE","Zafirlukast","10 mg"
"296","INTELENCE","Flecainide","5 mg"
"297","TALWIN","Chinina","15 mg"
"298","REOPRO","Abciximab","20 mg"
"299","VANTAS","Naltrexone","15 mg"
"300","KALETRA","Metilprednisolone","10 mg"
"301","BELVIQ","Metolazone","25 mg"
"302","MIGRANAL","Doxercalciferolo","20 mg"
"303","RILUTEK","Telmisartan","25 mg"
"304","RIMSO-50","Dronabinol","30 mg"
"305","PRIFTIN","Tedizolid","20 mg"
"306","DOVONEX","Carbamazepina","15 mg"
"307","ELLA","Nilotinib","15 mg"
"308","ANTIZOL","Istrelina","20 mg"
"309","BENICAR","Fitonadione","25 mg"
"310","INVOKANA","Carfilzomib","5 mg"
"311","THAM","Darifenacina","20 mg"
"312","CUTIVATE","Guanfacina","35 mg"
"313","PRILOSEC","Pioglitazone","25 mg"
"314","ABILIFY","Aspirina","30 mg"
"315","Kcentra","Tadalafil","5 mg"
"316","Gammagard S/D","Levalbuterolo","20 mg"
"317","KYNAMRO","Nizatidina","35 mg"
"318","CLOZARIL","Immunoglobulina anti-citomegalovirus (endovenosa-di origine umana)","30 mg"
"319","Albiglutide","Unoprostone","40 mg"
"320","HYDERGINE","Evolocumab","10 mg"
"321","LIVALO","Tossina botulinica di tipo B","20 mg"
"322","REYATAZ","Atovaquone","30 mg"
"323","DYRENIUM","Sodio oxibato","40 mg"
"324","VENTAVIS","Leflunomide","5 mg"
"325","LYSODREN","Nistatina","40 mg"
"326","KLONOPIN","Crotamitone","5 mg"
"327","TYZEKA","Valganciclovir","20 mg"
"328","ERYTHROCIN","Fattore IX (di origine umana)","25 mg"
"329","ACTOS","Rifapentina","20 mg"
"330","NESINA","Alosetron","25 mg"
"331","MEGACE","Sargramostim","5 mg"
"332","XALATAN","Maraviroc","25 mg"
"333","DOLOPHINE","Nafarelina","35 mg"
"334","SPRYCEL","Diazepam","35 mg"
"335","VIAGRA","Tirofiban","25 mg"
"336","AVODART","Entecavir","10 mg"
"337","AFRINOL","Sitagliptin","30 mg"
"338","LUXIQ","Bortezomib","10 mg"
"339","RETROVIR","Leflunomide","30 mg"
"340","SIMPONI","Indacaterolo","40 mg"
"341","NIASPAN","Pantoprazolo","20 mg"
"342","CEFTIN","Clorpropamide","35 mg"
"343","TOBI","Carmustina","25 mg"
"344","FELBATOL","Fondaparinux","25 mg"
"345","VELTASSA","Proparacaina","20 mg"
"346","EDEX","Ambrisentan","40 mg"
"347","NAVELBINE","Vismodegib","40 mg"
"348","SOMATULINE DEPOT","Lurasidone","35 mg"
"349","TAPAZOLE","Nafazolina","10 mg"
"350","DARZALEX","Dexlansoprazolo","15 mg"
"351","RAPAMUNE","Tofacitinib","10 mg"
"352","SOLIRIS","Eplerenone","20 mg"
"353","INDERAL","Sulfadiazina argentica","5 mg"
"354","SURVANTA","Bicalutamide","25 mg"
"355","ZOMIG","Verapamil","40 mg"
"356","TENEX","Ingenol mebutato","5 mg"
"357","BLOXIVERZ","Palonosetron","15 mg"
"358","ZYKADIA","Cimetidina","35 mg"
"359","SPIRIVA","Zonisamide","40 mg"
"360","NovoSeven","Fluticasone","40 mg"
"361","PEGINTRON","Concentrato di complesso protrombinico (di origine umana) ([Fattori II, VII, IX, X], proteina C e proteina S)","20 mg"
"362","HEPSERA","Adefovir","25 mg"
"363","DURAGESIC","Pentostatina","20 mg"
"364","LINZESS","Metanfetamina","30 mg"
"365","SELZENTRY","Minociclina","20 mg"
"366","DEXEDRINE","Disopiramide","30 mg"
"367","NPLATE","Tetracaina/lidocaina","25 mg"
"368","ANZEMET","Edoxaban","20 mg"
"369","LUCENTIS","Sulfacetamide","15 mg"
"370","PULMICORT","Inibitore C1 (di origine umana)","25 mg"
"371","CHANTIX","Mipomersen","20 mg"
"372","RAZADYNE","Ibandronato","10 mg"
"373","NITROPRESS","Pentazocina","15 mg"
"374","SOMA","Cefoxitina","40 mg"
"375","REMODULIN","Roflumilast","20 mg"
"376","LIMBREL","Gentamicina","15 mg"
"377","TRILEPTAL","Pralidossima","30 mg"
"378","ARIMIDEX","Complesso del fattore antiemofilico/fattore di von Willebrand (di origine umana)","10 mg"
"379","FETZIMA","Alcaftadina","35 mg"
"380","LANIAZID","Liotironina","25 mg"
"381","FLAGYL","Nicotina","40 mg"
"382","AMRIX","Darbepoetina alfa","35 mg"
"383","CARAFATE","Triamterene","20 mg"
"384","LOVENOX","Eszopiclone","15 mg"
"385","EFFIENT","Ropinirolo","40 mg"
"386","FINACEA","Bacitracina","10 mg"
"387","RIFADIN","Glucarpidasi","20 mg"
"388","BONIVA","Ketorolac","30 mg"
"389","SYNAREL","Oritavancina","40 mg"
"390","CILOXAN","Clotrimazolo","5 mg"
"391","FORTEO","Verapamil","5 mg"
"392","MYAMBUTOL","Gluconato ferrico","35 mg"
"393","NIX","Ramucirumab","20 mg"
"394","PROVENTIL-HFA","Albuterolo","10 mg"
"395","RELPAX","Tedizolid","40 mg"
"396","MIRENA","Mesalazina","15 mg"
"397","MEGACE","Misoprostolo","5 mg"
"398","TOPICORT","Dimetilsolfossido","10 mg"
"399","JAKAFI","Tiotixene","40 mg"
"400","CARDURA","Eletriptano","20 mg"
"401","EVISTA","Streptozocina","15 mg"
"402","REXULTI","Buprenorfina","10 mg"
"403","EFFEXOR XR","Nilotinib","5 mg"
"404","LOPID","Icatibant","25 mg"
"405","ALINIA","Penciclovir","15 mg"
"406","CANCIDAS","Celecoxib","25 mg"
"407","TRANEX","Fenelzina","15 mg"
"408","ALLEGRA","Gatifloxacina","25 mg"
"409","ANADROL-50","Pravastatina","5 mg"
"410","ABELCET","Anakinra","25 mg"
"411","ROWASA","Triamcinolone","5 mg"
"412","SPORANOX","Lomitapide","5 mg"
"413","OPTIPRANOLOL","Neostigmina","40 mg"
"414","SANDIMMUNE","Deferasirox","35 mg"
"415","STREPTASE","Travoprost","35 mg"
"416","EMADINE","Eslicarbazepina","35 mg"
"417","PRELONE","Salmeterolo","25 mg"
"418","AZACTAM","Beclometasone","15 mg"
"419","DAYPRO","Concentrato di fattore XIII (di origine umana)","40 mg"
"420","TRI-LUMA","Itraconazolo","5 mg"
"421","ALEVE","Oxaliplatino","25 mg"
"422","ALVESCO","Clomipramina","10 mg"
"423","THALOMID","Voriconazolo","35 mg"
"424","IMPLANON","Finasteride","40 mg"
"425","ELMIRON","Rabeprazolo","40 mg"
"426","DIAMOX","Acetazolamide","30 mg"
"427","CEFTIN","Zaleplon","35 mg"
"428","ALOMIDE","Metildopa","5 mg"
"429","ALTOPREV","Metirosina","25 mg"
"430","TENUATE","Alfa-dornasi","40 mg"
"431","RISPERDAL","Tenecteplasi","5 mg"
"432","UNITUXIN","Dulaglutide","5 mg"
"433","VIRAZOLE","Tamoxifene","20 mg"
"434","MENTAX","Capecitabina","40 mg"
"435","CNJ-016","Oxaliplatino","5 mg"
"436","LEXIVA","Idrocodone/ibuprofene","15 mg"
"437","NYSTOP","Fenelzina","5 mg"
"438","QUTENZA","Carteololo","30 mg"
"439","TIGAN","Epoetina alfa","20 mg"
"440","PROZAC","Golimumab","20 mg"
"441","ORBACTIV","Piroxicam","10 mg"
"442","OTEZLA","Aripiprazolo","25 mg"
"443","BLOXIVERZ","Cabozantinib","30 mg"
"444","REMICADE","Levofloxacina","25 mg"
"445","ZAVESCA","Nitrofurantoina","40 mg"
"446","COLIMICINA-M","Dactinomicina","5 mg"
"447","CIALIS","Trometamina","35 mg"
"448","FLOLAN","Etonogestrel","10 mg"
"449","K-TAB","Ritonavir","30 mg"
"450","MEPRON","Avanafil","5 mg"
"451","NATACYN","Ceftazidima","10 mg"
"452","PRAXBIND","Lansoprazolo","5 mg"
"453","NASONEX","Olmesartan","30 mg"
"454","ONFI","Corticotropina","40 mg"
"455","TEMODAR","Vandetanib","25 mg"
"456","NEXIUM","Concentrato di fattore XIII (di origine umana)","25 mg"
"457","PILOPINE HS","Immunoglobulina RhO(D)","5 mg"
"458","PRALUENT","Aliskiren","35 mg"
"459","HALDOL","Fentermina","35 mg"
"460","FUSILEV","Acido mefenamico","5 mg"
"461","ROWASA","Moxifloxacina","30 mg"
"462","DESFERAL","Didanosina","40 mg"
"463","ELDEPRYL","Tioconazolo","5 mg"
"464","INAPSINE","Enalapril","40 mg"
"465","MESTINON","Tiosolfato di sodio","40 mg"
"466","AVASTIN","Brexpiprazolo","25 mg"
"467","ACCOLATE","Repaglinide","15 mg"
"468","DIABETA","Imipenem/cilastatina","5 mg"
"469","NICOTROL","Pegaptanib","35 mg"
"470","TEFLARO","Clordiazeposside","15 mg"
"471","DETROL","Sulfadiazina argentica","5 mg"
"472","TRIGLIDE","Fosfomicina","5 mg"
"473","VECTIBIX","Proclorperazina","40 mg"
"474","ETHYOL","Amiodarone","40 mg"
"475","CAMPATH","Trifluridina","25 mg"
"476","VIMPAT","Loteprednolo","20 mg"
"477","OXSORALEN","Natamicina","30 mg"
"478","DANTRIUM","Desmopressina","30 mg"
"479","SOTRADECOL","Topotecan","25 mg"
"480","SUSTIVA","Eptifibatide","20 mg"
"481","RYTHMOL","Solfuro di selenio","15 mg"
"482","TREANDA","Betametasone","20 mg"
"483","CAVERJECT","Latanoprost","10 mg"
"484","VANTAS","Irbesartan","20 mg"
"485","ALOCRIL","Ossitocina","25 mg"
"486","EVOXAC","Claritromicina","35 mg"
"487","TIMOPTIC","Ziprasidone","20 mg"
"488","POTIGA","Fluorouracile","20 mg"
"489","ALIMTA","Piretrine/piperonil butossido","40 mg"
"490","TUDORZA PRESSAIR","Aclidinio","10 mg"
"491","XYREM","Allopurinolo","30 mg"
"492","VICTOZA","Metoesital","15 mg"
"493","SULFAMYLON","Mifepristone","30 mg"
"494","VOLTAREN","Dofetilide","10 mg"
"495","EXELON","Terbinafina","5 mg"
"496","ANTABUSE","Ecotiopato ioduro","25 mg"
"497","RAXIBACUMAB","Sunitinib","5 mg"
"498","BUPRENEX","Calcitriolo","40 mg"
"499","DIOVAN","Calcitriolo","40 mg"
"500","FROVA","Idrossicobalamina","40 mg"
"501","AYGESTIN","Pentossifillina","30 mg"
"502","SINEMET","Cefepime","15 mg"
"503","HALCION","Concentrato di proteina C (di origine umana)","35 mg"
"504","AEROSPAN HFA","Glucagone","25 mg"
"505","TAMIFLU","Posaconazolo","35 mg"
"506","ALPHANATE","Apremilast","25 mg"
"507","AEROSPAN HFA","Ergoloidi mesilati","25 mg"
"508","ATROVENT","Lidocaina","10 mg"
"509","MONISTAT 3","Nimodipina","15 mg"
"510","XALKORI","Dapagliflozin","25 mg"
"511","CLINORIL","Trimetadione","20 mg"
"512","ADRENALIN","Etionamide","25 mg"
"513","PROTOPAM CHLORIDE","Rizatriptan","30 mg"
"514","STENDRA","Azelastina","15 mg"
"515","DALIRESP","Eltrombopag","20 mg"
"516","MOTRIN IB","Lattulosio","15 mg"
"517","AVELOX","Omeprazolo","20 mg"
"518","TAVIST-1","Colestipolo","40 mg"
"519","VIREAD","Vasopressina","10 mg"
"520","PREMARIN","Fenofibrato e derivati","10 mg"
"521","ADIPEX-P","Rasburicasi","5 mg"
"522","ALECENSA","Alemtuzumab","25 mg"
"523","SUDAFED","Idrossicobalamina","5 mg"
"524","BETAGAN","Memantina","25 mg"
"525","DEMEROL","Moexipril","15 mg"
"526","IPRIVASK","Siero immune anti-digossina Fab","25 mg"
"527","LEUKINE","Ticarcillina/potassio clavulanato","35 mg"
"528","VIBRAMYCIN","Eluxadolina","15 mg"
"529","ACCUPRIL","Sotalolo","10 mg"
"530","BLINCYTO","Bromfeniramina","25 mg"
"531","NAVELBINE","Pentostatina","15 mg"
"532","AMARYL","Ifosfamide","30 mg"
"533","NILANDRON","Pegloticase","10 mg"
"534","SUPRAX","Cetirizina","20 mg"
"535","DEMADEX","Nebivololo","20 mg"
"536","DURAGESIC","Furosemide","10 mg"
"537","SYNAGIS","Prednisone","40 mg"
"538","NORVASC","Anfetamina","15 mg"
"539","PROSCAR","Apomorfina","25 mg"
"540","NIZORAL","Loratadina","5 mg"
"541","CONCERTA","Nedocromile","35 mg"
"542","DTIC-DOME","Denosumab","30 mg"
"543","NEXAVAR","Trandolapril","25 mg"
"544","CERDELGA","Erlotinib","25 mg"
"545","MATULANE","Saxagliptina","20 mg"
"546","COLAZAL","Benzonatato","30 mg"
"547","EXELON","Lovastatina","35 mg"
"548","REPREXAIN","Isoproterenolo","35 mg"
"549","NATACYN","Oxibutinina","5 mg"
"550","DIURIL","Clindamicina","35 mg"
"551","GABITRIL","Zanamivir","20 mg"
"552","REPATHA","Flucitosina","10 mg"
"553","PENICILLINA-VK","Quetiapina","30 mg"
"554","ORENCIA","Abatacept","5 mg"
"555","EURAX","Dapagliflozin","15 mg"
"556","ALAVERT","Metiltestosterone","5 mg"
"557","ATIVAN","Metoclopramide","5 mg"
"558","CARDIZEM","Doxorubicina (liposomiale)","25 mg"
"559","EDURANT","Telitromicina","5 mg"
"560","BAL","Dossilamina","20 mg"
"561","XIFAXAN","Telavancina","5 mg"
"562","MIACALCIN","Carbidopa","30 mg"
"563","SANCTURA","Telitromicina","15 mg"
"564","LUVOX","Immunoglobuline anti-epatite B","40 mg"
"565","PATANOL","Pilocarpina","20 mg"
"566","INFASURF","Carbinoxamina","40 mg"
"567","MYDRIACYL","Norfloxacina","25 mg"
"568","FLONASE","Aloperidolo","25 mg"
"569","XOLAIR","Pimozide","40 mg"
"570","NUVIGIL","Atazanavir","35 mg"
"571","TIKOSYN","Praziquantel","5 mg"
"572","ALDARA","Leuprolide","35 mg"
"573","MYRBETRIQ","Norepinefrina","35 mg"
"574","MYCELEX","Ciclosporina","35 mg"
"575","AVAGE","Ursodiolo","20 mg"
"576","ERGOMAR","Exemestano","40 mg"
"577","FELDENE","Riluzolo","10 mg"
"578","DURLAZA","Atorvastatina","5 mg"
"579","JARDIANCE","Pentosano","40 mg"
"580","GLEEVEC","Lenalidomide","30 mg"
"581","MITOSOL","Nortriptilina","20 mg"
"582","CATAPRES","Ciclobenzaprina","10 mg"
"583","VIBATIV","Valaciclovir","35 mg"
"584","ERY-TAB","Ezogabina","35 mg"
"585","ZOSYN","Rifaximina","20 mg"
"586","LOTRONEX","Alprazolam","15 mg"
"587","DRISDOL","Alirocumab","35 mg"
"588","TYKERB","Mannitolo","40 mg"
"589","DESOXYN","Nafcillina","35 mg"
"590","PREZISTA","Destrometorfano","30 mg"
"591","SILVADENE","Tizanidina","20 mg"
"592","KALBITOR","Enzalutamide","25 mg"
"593","VIVACTIL","Sirolimus","10 mg"
"594","DIPROLENE","Blinatumomab","10 mg"
"595","ZYFLO","Nelfinavir","5 mg"
"596","ZOLADEX","Indinavir","25 mg"
"597","NIACOR","Panitumumab","35 mg"
"598","ZINACEF","Colestiramina resina","20 mg"
"599","ZANAFLEX","Cloruro di potassio","35 mg"
"600","ULORIC","Fomepizolo","30 mg"
"601","MACUGEN","Propofol","25 mg"
"602","CAVERJECT","Alteplasi","25 mg"
"603","ALFERON","Iodopovidone","25 mg"
"604","PREVACID","Mafenide","20 mg"
"605","UREX","Naltrexone","10 mg"
"606","ARANESP","Dexmedetomidina","25 mg"
"607","PROVENGE","Tocilizumab","40 mg"
"608","ECOZA","Epirubicina","40 mg"
"609","Ceprotin","Simvastatina","20 mg"
"610","CYSTADANE","Bimatoprost","20 mg"
"611","ZOMETA","Tipranavir","20 mg"
"612","GRIS-PEG","Infliximab","15 mg"
"613","NATRECOR","Pamidronato","15 mg"
"614","KEFLEX","Ciclopiroxolamina","40 mg"
"615","APTIVUS","Ranibizumab","30 mg"
"616","Corifact","Fluvastatina","5 mg"
"617","PEGASYS","Concentrato di proteina C (di origine umana)","15 mg"
"618","ADENOCARD","Adenosina","10 mg"
"619","FABRAZYME","Interferone alfa-N3","30 mg"
"620","XYLOCAINE","Metadone","30 mg"
"621","MUSTARGEN","Minoxidil","35 mg"
"622","PRECEDEX","Dipiridamolo","25 mg"
"623","REQUIP","Tetraciclina","40 mg"
"624","ARICEPT","Edrofonio","30 mg"
"625","CYRAMZA","Sulconazolo","5 mg"
"626","VELTANE","Butoconazolo","5 mg"
"627","VariZIG","Emtricitabina","20 mg"
"628","CYTOVENE","Ibritumomab","35 mg"
"629","NITRO-DUR","Pentamidina","40 mg"
"630","BICNU","Ceftarolina fosamil","20 mg"
"631","OLEPTRO","Cevimelina","20 mg"
"632","PROSCAR","Gemifloxacina","5 mg"
"633","OXISTAT","Pramipexolo","25 mg"
"634","KINERET","Fattore antiemofilico (ricombinante)","40 mg"
"635","ETOPOPHOS","Edoxaban","15 mg"
"636","ISUPREL","Liraglutide","25 mg"
"637","TOPROL-XL","Nicardipina","30 mg"
"638","AKPENTOLATE","Darifenacina","20 mg"
"639","QUELICIN","Triamcinolone","5 mg"
"640","FUZEON","Estrogeni","25 mg"
"641","PRAVACHOL","Rosiglitazone","35 mg"
"642","ASTELIN","Bacitracina/neomicina/polimixina B","15 mg"
"643","DEMSER","Isosorbide dinitrato","10 mg"
"644","VISTARIL","Ketoconazolo","35 mg"
"645","NALLPEN","Orlistat","10 mg"
"646","SENSIPAR","Clorazepato","30 mg"
"647","DELATESTRYL","Vigabatrin","10 mg"
"648","TRECATOR","Fesoterodina","35 mg"
"649","ELIMITE","Ramipril","10 mg"
"650","TANZEUM","Albiglutide","30 mg"
"651","KETALAR","Patiromer","30 mg"
"652","PLAN B","Mesna","10 mg"
"653","PONSTEL","Mirtazapina","15 mg"
"654","PRISTIQ","Dinoprostone","15 mg"
"655","NEUPRO","Teofillina","20 mg"
"656","TRUSOPT","Elbasvir e grazoprevir","40 mg"
"657","ISENTRESS","Succimer","40 mg"
"658","ALPHAGAN P","Bupropione","40 mg"
"659","ZELBORAF","Succinilcolina","35 mg"
"660","GEMZAR","Ibutilide","25 mg"
"661","FURADANTIN","Penicillamina","20 mg"
"662","COREG","Cefuroxime","35 mg"
"663","PARNATE","Poractant alfa","40 mg"
"664","DIFICID","Gefitinib","15 mg"
"665","PERCOCET","Prasugrel","10 mg"
"666","AMBISOME","Anastrozolo","10 mg"
"667","KRYSTEXXA","Rilpivirina","20 mg"
"668","ABSORICA","Lodoxamide","40 mg"
"669","REGLAN","Nesiritide","25 mg"
"670","NEORAL","Daunorubicina (convenzionale)","5 mg"
"671","ZANOSAR","Trazodone","35 mg"
"672","JARDIANCE","Esmololo","15 mg"
"673","ORAPRED","Ruxolitinib","35 mg"
"674","ZITROMAX","Basiliximab","30 mg"
"675","AMOXIL","Fenoldopam","40 mg"
"676","CYANOKIT","Ivacaftor","10 mg"
"677","ALBALON","Oxacillina","20 mg"
"678","LOPROX","Clonazepam","15 mg"
"679","TYZINE","Vismodegib","40 mg"
"680","AMIDATE","Filgrastim","10 mg"
"681","NIPENT","Raloxifene","40 mg"
"682","LITHOSTAT","Acido acetoidrossamico","25 mg"
"683","DEXILANT","Nevirapina","20 mg"
"684","LITHOBID","Metsuccimide","30 mg"
"685","ADASUVE","Micafungin","5 mg"
"686","NATAZIA","Doripenem","25 mg"
"687","NORVIR","Teniposide","15 mg"
"688","LOMOTIL","Duloxetina","35 mg"
"689","RhoGAM","Tafluprost","5 mg"
"690","MYLERAN","Candesartan","5 mg"
"691","VALTREX","Quinapril","15 mg"
"692","FOSCAVIR","Idrocortisone","40 mg"
"693","AVENTYL","Pertuzumab","5 mg"
"694","MIOSTAT","Carvedilolo","30 mg"
"695","TRIDIONE","Dimercaprolo","5 mg"
"696","CARAC","Glicopirrolato","40 mg"
"697","ALLI","Pitavastatina","15 mg"
"698","IOPIDINE","Arginina","40 mg"
"699","PRADAXA","Procarbazina","5 mg"
"700","PICATO","Levomilnacipran","20 mg"
"701","GLYSET","Nitazoxanide","20 mg"
"702","SANTYL","Dalbavancina","25 mg"
"703","PROGRAF","Trimetoprim/sulfametossazolo","30 mg"
"704","EPOGEN/PROCRIT","Etomidato","15 mg"
"705","KLOR-CON","Rituximab","15 mg"
"706","MALARONE","Azacitidina","35 mg"
"707","ZOLOFT","Lomitapide","5 mg"
"708","IDAMYCIN PFS","Lanreotide","20 mg"
"709","SINGULAIR","Olopatadina","15 mg"
"710","CLEOCIN","Conivaptan","5 mg"
"711","TORISEL","Vardenafil","30 mg"
"712","ESTRADERM","Famotidina","5 mg"
"713","ISOPTO CARPINE","Reteplasi","30 mg"
"714","UROXATRAL","Alirocumab","35 mg"
"715","PREMARIN","Ivacaftor","25 mg"
"716","LUPRON","Megestrol","5 mg"
"717","ASACOL","Morfina","5 mg"
"718","RESCRIPTOR","Dienogest","20 mg"
"719","SECONAL","Tinidazolo","25 mg"
"720","MULTAQ","Emtricitabina","15 mg"
"721","DARAPRIM","Solifenacina","30 mg"
"722","CASODEX","Brimonidina","5 mg"
"723","COUMADIN","Metoesital","20 mg"
"724","VORAXAZE","Imatinib","35 mg"
"725","ADALAT CC","Pegfilgrastim","25 mg"
"726","MEFOXIN","Clorambucile","30 mg"
"727","SAMSCA","Propranololo","35 mg"
"728","CORLOPAM","Fosfenitoina","35 mg"
"729","PANCREAZE","Procarbazina","35 mg"
"730","MIDAMOR","Amlodipina","35 mg"
"731","VENTAVIS","Sirolimus","5 mg"
"732","TRANDATE","Losartan","5 mg"
"733","UVADEX","Nateglinide","30 mg"
"734","FRAGMIN","Desloratadina","25 mg"
"735","NITHIODOTE","Torsemide","20 mg"
"736","VANIQA","Ergocalciferolo","35 mg"
"737","PROMETHEGAN","Selegilina","35 mg"
"738","LOTENSIN","Betaina","20 mg"
"739","CYSTADANE","Lidocaina","10 mg"
"740","TUSSIGON","Irinotecano","20 mg"
"741","PORTRAZZA","Ossimetolone","5 mg"
"742","LEUKERAN","Clemastina","40 mg"
"743","TYGACIL","Zileuton","40 mg"
"744","ZETIA","Fluocinonide","40 mg"
"745","DENAVIR","Piridostigmina","20 mg"
"746","SORIATANE","Acitretina","30 mg"
"747","OPTIPRANOLOL","Fattore antiemofilico (di origine umana)","30 mg"
"748","PRINIVIL","Metotressato","40 mg"
"749","LATUDA","Midodrina","5 mg"
"750","BENTYL","Dolasetron","10 mg"
"751","XARELTO","Terazosina","5 mg"
"752","NORPACE","Ecallantide","25 mg"
"753","PRANDIN","Tacrolimus","20 mg"
"754","WELLBUTRIN","Calfactant","5 mg"
"755","DEPACON","Ertapenem","10 mg"
"756","CEREBYX","Idrochinone","20 mg"
"757","CAMILA","Perindopril erbumina","40 mg"
"758","LODOSYN","Cefazolina","15 mg"
"759","SYPRINE","Dabrafenib","5 mg"
"760","CAPEX","Glucarpidasi","25 mg"
"761","NORFLEX","Poractant alfa","25 mg"
"762","ELIQUIS","Aprepitant","35 mg"
"763","BROVANA","Flucitosina","10 mg"
"764","ALFERON","Levotiroxina","15 mg"
"765","ORVATEN","Nintedanib","35 mg"
"766","H.P. ACTHAR GEL","Dantrolene","30 mg"
"767","IMITREX","Trimetobenzamide","25 mg"
"768","ELLENCE","Etosuximide","10 mg"
"769","BETADINE","Rivastigmina","20 mg"
"770","RIDAURA","Acido azelaico","30 mg"
"771","CARDURA","Posaconazolo","40 mg"
"772","CORVERT","Lamivudina","10 mg"
"773","MS CONTIN","Omalizumab","15 mg"
"774","CLEVIPREX","Colistimetato","40 mg"
"775","VUMON","Immunoglobulina anti-varicella-zoster (di origine umana)","5 mg"
"776","VIVELLE","Felbamato","30 mg"
"777","DILANTIN","Raxibacumab","35 mg"
"778","CAMPATH","Alendronato","30 mg"
"779","CAMPTOSAR","Exenatide","40 mg"
"780","KEPPRA","Melfalan","20 mg"
"781","PURINETHOL","Mometasone","30 mg"
"782","NORPRAMIN","Digossina","10 mg"
"783","ONGLYZA","Tigeciclina","40 mg"
"784","UNISOM","Emedastina","10 mg"
"785","SEROQUEL","Sorafenib","40 mg"
"786","ANGIOMAX","Bromocriptina","35 mg"
"787","ERIVEDGE","Capsaicina","15 mg"
"788","GLICONORM","Iloperidone","35 mg"
"789","TASIGNA","Peginterferone alfa-2b","20 mg"
"790","CLAFORAN","Cetuximab","15 mg"
"791","HYCAMTIN","Fulvestrant","10 mg"
"792","ACTIQ","Fulvestrant","15 mg"
"793","ALOXI","Pregabalin","35 mg"
"794","NEXTERONE","Amoxicillina/clavulanato","40 mg"
"795","AMOXIL","Omalizumab","25 mg"
"796","SPRIX","Lorazepam","10 mg"
"797","METHERGIN","Necitumumab","10 mg"
"798","COSMEGEN","Desipramina","40 mg"
"799","HUMATROPE","Tramadolo","10 mg"
"800","RELPAX","Ergotamina","15 mg"
"801","COMPRO","Scopolamina","10 mg"
"802","SIMULECT","Benztropina","20 mg"
"803","SARAFEM","Azelastina","10 mg"
"804","ANEXSIA 5/325","Isoniazide","30 mg"
"805","STARLIX","Ossicodone","20 mg"
"806","ARALEN","Clidinio/clordiazepoxide","5 mg"
"807","BRILINTA","Ziconotide","40 mg"
"808","AROMASIN","Flunisolide","35 mg"
"809","BICILLIN L-A","Quazepam","20 mg"
"810","PRECOSE","Acarbosio","10 mg"
"811","PULMOZYME","Ciclopiroxolamina","40 mg"
"812","IMODIUM","Metilfenidato","5 mg"
"813","COZAAR","Metoprololo","30 mg"
"814","D.H.E. 45","Doxepina","30 mg"
"815","MYOBLOC","Temazepam","30 mg"
"816","CERVIDIL","Dronedarone","30 mg"
"817","RIMACTANE","Tazarotene","40 mg"
"818","COMETRIQ","Carbacolo","10 mg"
"819","RESCULA","Cetuximab","35 mg"
"820","ARIXTRA","Omatropina","35 mg"
"821","ZYPREXA","Fenitoina","20 mg"
"822","ATACAND","Cariprazina","20 mg"
"823","SEPTRA","Dabrafenib","40 mg"
"824","OCUFEN","Griseofulvina","40 mg"
"825","BOTOX","Piperacillina/tazobactam","10 mg"
"826","R-GENE 10","Asparaginasi","40 mg"
"827","NALLPEN","Ecotiopato ioduro","30 mg"
"828","ARCAPTA NEOHALER","Levetiracetam","25 mg"
"829","ROGAINE","Nivolumab","20 mg"
"830","COLCRYS","Dabigatran etexilato","5 mg"
"831","FLOMAX","Ulipristal","15 mg"
"832","DRISDOL","Everolimus","15 mg"
"833","ASCLERA","Rimantadina","10 mg"
"834","TENORMIN","Atovaquone/proguanil","30 mg"
"835","CLAFORAN","Tolvaptan","25 mg"
"836","FANAPT","Latanoprost","35 mg"
"837","PROVIGIL","Octreotide","40 mg"
"838","ANAFRANIL","Siero immune polivalente per crotalidi FAB (di origine ovina)","5 mg"
"839","KETEK","Valproato","25 mg"
"840","LEXAPRO","Fattore IX (ricombinante)","30 mg"
"841","ORAP","Rifampina","30 mg"
"842","AXERT","Alogliptin","35 mg"
"843","TRIGLIDE","Minoxidil","15 mg"
"844","ARAVA","Mecloretamina","15 mg"
"845","GLUCOPHAGE","Nadololo","10 mg"
"846","CERUBIDINA","Diazossido","15 mg"
"847","RENAGEL","Tipranavir","10 mg"
"848","CYMBALTA","Entacapone","30 mg"
"849","SUDAFED","Sodio oxibato","5 mg"
"850","BETOPTIC","Bosentano","15 mg"
"851","PRIALT","Eletriptano","35 mg"
"852","ROBINUL","Immunoglobulina","35 mg"
"853","CARDENE","Paroxetina","10 mg"
"854","AVYCAZ","Clorfeniramina","25 mg"
"855","TOBREX","Levonorgestrel","15 mg"
"856","ANTARA","Formoterolo","30 mg"
"857","SIGNIFOR","Propafenone","15 mg"
"858","MUSE","Amifostina","40 mg"
"859","TANZEUM","Paroxetina","5 mg"
"860","LAMICTAL","Lubiprostone","5 mg"
"861","ROBAXIN","Naprossene","30 mg"
"862","CUBICIN","Desametasone","30 mg"
"863","JANUVIA","Tolterodina","40 mg"
"864","CALCIUM DISODIUM VERSENATE","Epoetina alfa","15 mg"
"865","DIPRIVAN","Sildenafil","30 mg"
"866","COGENTIN","Bevacizumab","15 mg"
"867","AMBIEN","Fexofenadina","20 mg"
"868","HALDOL","Interferone alfa-2B","30 mg"
"869","NEO-FRADIN","Palivizumab","25 mg"
"870","CIMZIA","Cinacalcet","40 mg"
"871","THIOLA","Zolpidem","5 mg"
"872","Bebulin","Flurbiprofene","10 mg"
"873","KRYSTEXXA","Protriptilina","30 mg"
"874","DIFFERIN","Adapalene","10 mg"
"875","VIREAD","Pimozide","10 mg"
"876","TRADJENTA","Metenamina","15 mg"
"877","RESECTISOL","Milnacipran","10 mg"
"878","DELSYM","Disulfiram","30 mg"
"879","DALIRESP","Testosterone","5 mg"
"880","TIKOSYN","Calcio bisodico edetato","25 mg"
"881","ZANTAC","Sulfasalazina","20 mg"
"882","RHINOCORT","Cabozantinib","40 mg"
"883","LEVITRA","Nintedanib","25 mg"
"884","NEURONTIN","Idrossizina","20 mg"
"885","OPDIVO","Pentobarbital","20 mg"
"886","VRAYLAR","Cefotetan","15 mg"
"887","RETIN-A","Olopatadina","5 mg"
"888","TAMBOCOR","Glatiramer acetato","25 mg"
"889","DAYPRO","Iodopovidone","25 mg"
"890","ERAXIS","Apixaban","15 mg"
"891","CANCIDAS","Rizatriptan","35 mg"
"892","MARPLAN","Linezolid","15 mg"
"893","METOPIRONE","Nifedipina","40 mg"
"894","EURAX","Daratumumab","30 mg"
"895","EXELDERM","Triazolam","20 mg"
"896","COMTAN","Etanercept","25 mg"
"897","EPIFOAM","Romiplostim","25 mg"
"898","AZELEX","Aztreonam","25 mg"
"899","ZYBAN","Acido tranexamico","25 mg"
"900","ZEVALIN","Chetotifene","20 mg"
"901","CORGARD","Oprelvechina","25 mg"
"902","CIPRO","Clozapina","25 mg"
"903","TERAZOL 3","Venlafaxina","30 mg"
"904","EDECRIN","Fentanil","10 mg"
"905","PERJETA","Ranibizumab","20 mg"
"906"," VENTOLIN-HFA","Alcaftadina","20 mg"
"907","SEROQUEL","Colchicina","5 mg"
"908","FETZIMA","Meropenem","40 mg"
"909","MOBIC","Mitomicina","25 mg"
"910","STIMATE","Dimercaprolo","35 mg"
"911","SEREVENT","Tireotropina alfa","30 mg"
"912","ZONALON","Eliglustat","20 mg"
"913","ACIPHEX","Streptochinasi","5 mg"
"914","BAT","Bupivacaina","30 mg"
"915","CALAN","Alteplasi","30 mg"
"916","FACTIVE","Idarubicina","40 mg"
"917","SULAR","Pemetrexed","40 mg"
"918","ANCEF","Cefalexina","20 mg"
"919","MAVIK","Epirubicina","5 mg"
"920","TOVIAZ","Ganciclovir","35 mg"
"921","PITOCIN","Praziquantel","5 mg"
"922","ADDERALL XR 10","Anagrelide","5 mg"
"923","LIVALO","Cicloserina","20 mg"
"924","KALYDECO","Lomustina","30 mg"
"925","TESTRED","Neomicina","5 mg"
"926","Cytogam","Deferiprone","5 mg"
"927","ZERIT","Trastuzumab","10 mg"
"928","VIBERZI","Escitalopram","10 mg"
"929","RAYOS","Sapropterina","35 mg"
"930","BACIIM","Benazepril","10 mg"
"931","ZOMETA","Mirabegron","5 mg"
"932","DILAUDID","Isotretinoina","15 mg"
"933","NAPROSYN","Oxaprozin","10 mg"
"934","PREVALITE","Clomifene","25 mg"
"935","ELIXOPHYLLIN","Warfarin","30 mg"
"936","ETOPOPHOS","Flavocoxid","20 mg"
"937","NEMBUTAL SODIUM","Quinupristina/dalfopristina","10 mg"
"938","TACHIPIRINA","Paracetamolo","35 mg"
"939","ANECTINE","Nafarelina","20 mg"
"940","JUXTAPID","Blu di metilene","20 mg"
"941","LOTEMAX","Metirapone","25 mg"
"942","LANOXIN","Dorzolamide","20 mg"
"943","ACTONEL","Temsirolimus","25 mg"
"944","PROSTIN E2","Droxidopa","35 mg"
"945","MYCOBUTIN","Tamsulosina","5 mg"
"946","FEMSTAT 3","Capreomicina","25 mg"
"947","STELARA","Ceftarolina fosamil","15 mg"
"948","PERFOROMIST","Idrocodone/paracetamolo","20 mg"
"949","SANDOSTATIN","Fenossibenzamina","15 mg"
"950","CAPASTAT","Carmustina","30 mg"
"951","POLYTRIM","Paliperidone","10 mg"
"952","SARAFEM","Goserelin","5 mg"
"953","NEUMEGA","Pirfenidone","20 mg"
"954","EMEND","Armodafinil","25 mg"
"955","SANDIMMUNE","Asparaginasi","40 mg"
"956","INDOCIN","Levocetirizina","10 mg"
"957","SAVELLA","Nitroglicerina","40 mg"
"958","COLESTID","Dacarbazina","30 mg"
"959","ZIOPTAN","Tropicamide","10 mg"
"960","TEVETEN","Etoposide","25 mg"
"961","NOXAFIL","Risperidone","20 mg"
"962","LIPITOR","Auranofin","40 mg"
"963","OCUFEN","Propofol","40 mg"
"964","ZYDELIG","Lantanio","15 mg"
"965","ELOCON","Olanzapina","30 mg"
"966","CLOBEX","Crizotinib","15 mg"
"967","RESTORIL","Vancomicina","10 mg"
"968","BREVIBLOC","Fattore VIIa (ricombinante)","30 mg"
"969","SALAGEN","Ribavirina","5 mg"
"970","TEKTURNA","Allopurinolo","15 mg"
"971","TRECATOR","Benztropina","30 mg"
"972","FEMARA","Medrossiprogesterone","5 mg"
"973","MESNEX","Mupirocina","35 mg"
"974","FERRIPROX","Diciclomina","5 mg"
"975","SELSUN","Tiopronina","20 mg"
"976","NORTHERA","Enfuvirtide","35 mg"
"977","RID MOUSSE","Sodio tetradecile","30 mg"
"978","URECHOLINE","Immunoglobulina anti-botulismo (endovenosa-di origine umana)","40 mg"
"979","SONATA","Apomorfina","20 mg"
"980","GLYNASE","Imipramina","25 mg"
"981","NICORETTE","Patiromer","10 mg"
"982","FORTAZ","Clorochina","15 mg"
"983","XELJANZ","Basiliximab","5 mg"
"984","TRICOR","Foscarnet","35 mg"
"985","PROTONIX","Progesterone","10 mg"
"986","LETAIRIS","Acido aminocaproico","30 mg"
"987","ORENCIA","Busulfan","20 mg"
"988","CHOLAC","Lovastatina","15 mg"
"989","OTREXUP","Natalizumab","15 mg"
"990","FARXIGA","Desossimetasone","5 mg"
"991","KALEXATE","Topiramato","10 mg"
"992","ENLON","Eprosartan","35 mg"
"993","ALCAINE","Sertralina","10 mg"
"994","ANBESOL","Betaxololo","15 mg"
"995","CAPEX","Clordiazeposside","40 mg"
"996","HEPAGAM B","Ipratropio","15 mg"
"997","ARRANON","Paclitaxel","20 mg"
"998","ERBITUX","Citalopram","40 mg"
"999","TINDAMAX","Acido zoledronico","20 mg"
"1000","MONONINE","Fluoxetina","35 mg"
"1001","KEYTRUDA","Pirantel pamoato","30 mg"
"1002","ZOVIRAX","Aciclovir","10 mg"
"1003","MAXIPIME","Iodopovidone","35 mg"
"1004","CYTOMEL","Metocarbamolo","30 mg"
"1005","DOANâ€™S EXTRA STRENGTH","Miglitolo","20 mg"
"1006","PROGLYCEM","Docosanolo","30 mg"
"1007","MAXALT","Terconazolo","25 mg"
"1008","TAXOTERE","Econazolo","35 mg"
"1009","ELITEK","Sumatriptan","30 mg"
"1010","MARCAINE","Calcitonina","20 mg"
"1011","VANCOCIN","Metenamina","30 mg"
"1012","FASLODEX","Idrossiclorochina","20 mg"
"1013","LEVOPHED","Pentostatina","40 mg"
"1014","KARBINAL ER","Cefixime","20 mg"
"1015","DYRENIUM","Propafenone","5 mg"
"1016","ANCOBON","Glipizide","35 mg"
"1017","BACTOCILL","Cloruro di potassio","30 mg"
"1018","RECOMBINATE","Apraclonidina","15 mg"
"1019","TAGAMET HB","Mipomersen","15 mg"
"1020","AVAPRO","Linaclotide","20 mg"
"1021","MYCAMINE","Nilutamide","10 mg"
"1022","CROLOM","Dapsone","5 mg"
"1023","AZULFIDINE","Trifluridina","15 mg"
"1024","XTANDI","Etambutolo","15 mg"
"1025","MIRAPEX","Rocuronio","30 mg"
"1026","VIDAZA","Azilsartan","25 mg"
"1027","CLARITIN","Ioduro di potassio","30 mg"
"1028","ADVIL","Lacosamide","40 mg"
"1029","BACTROBAN","OnabotulinumtoxinA","35 mg"
"1030","BIAXIN","Colesevelam","5 mg"
"1031","HYTRIN","Vedolizumab","30 mg"
"1032","LUNESTA","Fenoldopam","10 mg"
"1033","DIBENZYLINE","Rasagilina","10 mg"
"1034","PROLEUKIN","Alectinib","40 mg"
"1035","Gammagard S/D","Complesso del fattore antiemofilico/fattore di von Willebrand (di origine umana)","30 mg"
"1036","XYZAL","Meperidina","35 mg"
"1037","NAMENDA","Modafinil","35 mg"
"1038","CLARINEX","Diidroergotamina","10 mg"
"1039","INVIRASE","Ticagrelor","15 mg"
"1040","DOXIL (LIPOSOMIALE)","Eltrombopag","15 mg"
"1041","QUALAQUIN","Spironolattone","40 mg"
"1042","VELCADE","Budesonide","5 mg"
"1043","MARQIBO KIT","Doxiciclina","20 mg"
"1044","COPAXONE","Idelalisib","35 mg"
"1045","NIMOTOP","Pegvisomant","5 mg"
"1046","MAXIPIME","Certolizumab pegol","10 mg"
"1047","BEXXAR","Pimozide","15 mg"
"1048","SUBLIMAZE","Gabapentin","10 mg"
"1049","INVEGA","Prednisolone","15 mg"
"1050","AMOXIL","Amfotericina B","15 mg"
"1051","MESTINON","Raltegravir","30 mg"
"1052","KETALAR","Lopinavir/ritonavir","40 mg"
"1053","RITALIN","Nelarabina","5 mg"
"1054","TAFINLAR","Delavirdina","15 mg"
"1055","BETAPACE","Acido tranexamico","20 mg"
"1056","EMPLICITI","Ertapenem","40 mg"
"1057","MYSOLINE","Sargramostim","35 mg"
"1058","LIORESAL","Benzocaina","10 mg"
"1059","EVZIO","Azitromicina","35 mg"
"1060","CORTEF","Isosorbide dinitrato","40 mg"
"1061","TYSABRI","Oxiconazolo","10 mg"
"1062","CHLOR-TRIMETON","CloBAZam","20 mg"
"1063","THYROGEN","Zaleplon","40 mg"
"1064","AFINITOR","Fluconazolo","35 mg"
"1065","NEBUPENT","Quinapril","35 mg"
